name,address,product_code,recipient_name,recipient_phone
Pharmacy - Campona utca 29,"Campona utca 29, Budapest XXII. kerulet",Express One-5001,Szabo Balazs,+36 70 658 2424
School - Petofi utca 30,"Petofi utca 30, Budapest XX. kerulet",Sprinter-5002,Nagy Sandor,+36 20 833 9928
Residence - Szervizut 98,"Szervizut 98, Budapest XV. kerulet",Express One-5003,Meszaros Katalin,+36 30 259 4527
Workshop - Tarogato ut 109,"Tarogato ut 109, Budapest XII. kerulet",Sprinter-5004,Nemeth Henrietta,+36 20 847 8527
Store - Ady Endre ut 71,"Ady Endre ut 71, Budapest XIX. kerulet",Express One-5005,Hegedus Miklos,+36 30 691 4150
Clinic - Lajos utca 11,"Lajos utca 11, Budapest III. kerulet",GLS-5006,Lakatos Istvan,+36 30 750 6977
Shop - Akacfa utca 90,"Akacfa utca 90, Budapest VII. kerulet",Sprinter-5007,Varga Sandor,+36 70 350 3677
Salon - Batsanyi Janos  29,"Batsanyi Janos utca 29, Budapest XVI. kerulet",GLS-5008,Molnar Janos,+36 20 924 6168
Salon - Erzsebet kiraly 113,"Erzsebet kiralyne utja 113, Budapest XIV. kerulet",DPD-5009,Simon Maria,+36 70 569 3340
Gym - Onodi utca 34,"Onodi utca 34, Budapest X. kerulet",Sprinter-5010,Lakatos Laszlo,+36 20 241 9348
Residence - Pecel ut 20,"Pecel ut 20, Budapest XVII. kerulet",Express One-5011,Meszaros Zoltan,+36 20 494 7252
Apartment - Szechenyi utca 111,"Szechenyi utca 111, Budapest XXI. kerulet",Express One-5012,Szabo Balazs,+36 70 868 5371
Apartment - Campona utca 59,"Campona utca 59, Budapest XXII. kerulet",Express One-5013,Nemeth Rita,+36 20 619 2743
Pharmacy - Muvesz utca 26,"Muvesz utca 26, Budapest XXII. kerulet",FoxPost-5014,Varga Sandor,+36 70 100 6310
Office - Bakancsos utca 31,"Bakancsos utca 31, Budapest XVII. kerulet",DPD-5015,Vincze Csaba,+36 20 849 8962
Hotel - Szentendrei ut 17,"Szentendrei ut 17, Budapest III. kerulet",Sprinter-5016,Varga Istvan,+36 70 993 7932
Store - Rakoczi ter 92,"Rakoczi ter 92, Budapest VIII. kerulet",MPL-5017,Papp Olga,+36 70 562 2982
Clinic - Boraros ter 71,"Boraros ter 71, Budapest IX. kerulet",Sprinter-5018,Molnar Anna,+36 20 824 1964
School - Raday utca 10,"Raday utca 10, Budapest IX. kerulet",DPD-5019,Nemeth Balazs,+36 30 319 9834
Clinic - Dessewffy utca 61,"Dessewffy utca 61, Budapest VI. kerulet",MPL-5020,Meszaros Gabor,+36 20 199 8062
Restaurant - Vaci ut 87,"Vaci ut 87, Budapest XIII. kerulet",GLS-5021,Lakatos Edit,+36 30 919 2790
Residence - Ferenc korut 55,"Ferenc korut 55, Budapest IX. kerulet",FoxPost-5022,Olah Hajnalka,+36 20 553 2604
Clinic - Margit korut 12,"Margit korut 12, Budapest II. kerulet",DPD-5023,Meszaros Peter,+36 30 318 7570
Cafe - Mechwart liget 34,"Mechwart liget 34, Budapest II. kerulet",FoxPost-5024,Meszaros Dora,+36 70 902 8973
Market - Andrassy ut 75,"Andrassy ut 75, Budapest VI. kerulet",GLS-5025,Balogh Bela,+36 20 698 8811
Shop - Ulloi ut 66,"Ulloi ut 66, Budapest XVIII. kerulet",DPD-5026,Toth Zoltan,+36 20 791 4853
Office - Stefania ut 75,"Stefania ut 75, Budapest XIV. kerulet",Sprinter-5027,Toth Norbert,+36 70 697 9565
Studio - Tarogato ut 31,"Tarogato ut 31, Budapest XII. kerulet",MPL-5028,Horvath Balazs,+36 70 407 8491
Restaurant - Bolyai utca 59,"Bolyai utca 59, Budapest XII. kerulet",GLS-5029,Fekete Gabor,+36 70 371 3170
Residence - Pozsonyi ut 37,"Pozsonyi ut 37, Budapest XIII. kerulet",MPL-5030,Fekete Dora,+36 30 726 9666
Pharmacy - Attila ut 113,"Attila ut 113, Budapest I. kerulet",FoxPost-5031,Szabo Miklos,+36 20 860 3546
Studio - Pataky Istvan t 27,"Pataky Istvan ter 27, Budapest X. kerulet",Sprinter-5032,Simon Istvan,+36 20 194 7939
Studio - Jaszberenyi ut 82,"Jaszberenyi ut 82, Budapest X. kerulet",DPD-5033,Olah Sandor,+36 70 537 1158
Office - Kossuth Lajos t 70,"Kossuth Lajos ter 70, Budapest V. kerulet",FoxPost-5034,Vincze Sandor,+36 20 540 3088
Workshop - Margit korut 116,"Margit korut 116, Budapest II. kerulet",DPD-5035,Molnar Balazs,+36 20 462 7658
Residence - Ady Endre ut 111,"Ady Endre ut 111, Budapest XXI. kerulet",DPD-5036,Meszaros Anna,+36 20 854 6442
Residence - Bathory Istvan  35,"Bathory Istvan utca 35, Budapest XV. kerulet",Express One-5037,Szabo Maria,+36 20 979 8711
Clinic - Raday utca 40,"Raday utca 40, Budapest IX. kerulet",DPD-5038,Nagy Balazs,+36 20 508 6378
School - Pataky Istvan t 45,"Pataky Istvan ter 45, Budapest X. kerulet",MPL-5039,Fekete Katalin,+36 20 218 5279
Gym - Rakoczi ut 14,"Rakoczi ut 14, Budapest VII. kerulet",FoxPost-5040,Balogh Norbert,+36 70 623 2894
Gym - Thokoly ut 91,"Thokoly ut 91, Budapest XIV. kerulet",GLS-5041,Racz Nora,+36 70 803 4228
Salon - Pozsonyi ut 80,"Pozsonyi ut 80, Budapest XIII. kerulet",Express One-5042,Szabo Edit,+36 30 619 6067
Pharmacy - Petofi Sandor u 71,"Petofi Sandor utca 71, Budapest XXIII. kerulet",DPD-5043,Meszaros Balazs,+36 30 793 3851
Store - Csepel ut 39,"Csepel ut 39, Budapest XXI. kerulet",DPD-5044,Meszaros Henrietta,+36 70 721 6279
Residence - Batsanyi Janos  61,"Batsanyi Janos utca 61, Budapest XVI. kerulet",Express One-5045,Toth Julia,+36 70 779 6491
Warehouse - Lajos utca 29,"Lajos utca 29, Budapest III. kerulet",DPD-5046,Nagy Bela,+36 20 586 2193
Gallery - Batthyany Ilona 92,"Batthyany Ilona utca 92, Budapest XVI. kerulet",MPL-5047,Lakatos Hajnalka,+36 20 771 1090
Office - Deak Ferenc ter 60,"Deak Ferenc ter 60, Budapest V. kerulet",Sprinter-5048,Molnar Nora,+36 20 567 3184
Cafe - Batsanyi Janos  41,"Batsanyi Janos utca 41, Budapest XVI. kerulet",Sprinter-5049,Racz Norbert,+36 70 556 3607
School - Bakancsos utca 99,"Bakancsos utca 99, Budapest XVII. kerulet",MPL-5050,Molnar Istvan,+36 30 179 5681
Pharmacy - Boraros ter 11,"Boraros ter 11, Budapest IX. kerulet",DPD-5051,Molnar Maria,+36 70 256 4505
Office - Perc utca 54,"Perc utca 54, Budapest III. kerulet",DPD-5052,Meszaros Maria,+36 70 812 1320
Gallery - Turkeve utca 39,"Turkeve utca 39, Budapest XX. kerulet",MPL-5053,Fekete Edit,+36 70 659 4613
Salon - Pecel ut 50,"Pecel ut 50, Budapest XVII. kerulet",Express One-5054,Lakatos Edit,+36 20 960 8657
Apartment - Jokai ter 76,"Jokai ter 76, Budapest VI. kerulet",GLS-5055,Meszaros Eva,+36 30 286 1823
Gallery - Pataky Istvan t 44,"Pataky Istvan ter 44, Budapest X. kerulet",FoxPost-5056,Meszaros Istvan,+36 20 581 1317
Shop - Kispest Lajos u 84,"Kispest Lajos utca 84, Budapest XIX. kerulet",Express One-5057,Kovacs Gyula,+36 20 353 4266
Restaurant - Szinhaz utca 86,"Szinhaz utca 86, Budapest I. kerulet",Sprinter-5058,Kiss Olga,+36 70 362 7043
Residence - Rakoczi ut 100,"Rakoczi ut 100, Budapest VII. kerulet",FoxPost-5059,Szabo Tamas,+36 20 419 7149
Clinic - Erzsebet kiraly 89,"Erzsebet kiralyne utja 89, Budapest XIV. kerulet",GLS-5060,Farkas Krisztina,+36 70 714 2983
Workshop - Helsinki ut 85,"Helsinki ut 85, Budapest XX. kerulet",GLS-5061,Racz Agnes,+36 30 112 7882
Pharmacy - Egres ut 91,"Egres ut 91, Budapest XVII. kerulet",MPL-5062,Varga Edit,+36 70 766 5425
Gym - Rakoczi ut 60,"Rakoczi ut 60, Budapest XXI. kerulet",Express One-5063,Vincze Istvan,+36 30 972 5022
Gallery - Perc utca 73,"Perc utca 73, Budapest III. kerulet",FoxPost-5064,Nagy Peter,+36 30 286 8988
Studio - Baross utca 113,"Baross utca 113, Budapest VIII. kerulet",Sprinter-5065,Nagy Rita,+36 20 187 4954
Hotel - Neptun utca 83,"Neptun utca 83, Budapest XV. kerulet",MPL-5066,Nagy Csaba,+36 30 326 7625
School - Vamhaz korut 71,"Vamhaz korut 71, Budapest IX. kerulet",FoxPost-5067,Meszaros Edit,+36 70 438 6764
Warehouse - Sanyi utca 93,"Sanyi utca 93, Budapest XVI. kerulet",FoxPost-5068,Szabo Edit,+36 70 880 4033
School - Ulloi ut 98,"Ulloi ut 98, Budapest VIII. kerulet",Sprinter-5069,Farkas Diana,+36 20 403 4727
Studio - Robert Karoly k 17,"Robert Karoly korut 17, Budapest XIII. kerulet",GLS-5070,Kovacs Sandor,+36 30 814 3068
Store - Nagyteteenyi ut 74,"Nagyteteenyi ut 74, Budapest XXII. kerulet",MPL-5071,Simon Olga,+36 30 288 1841
Hotel - Koebanyi ut 52,"Koebanyi ut 52, Budapest X. kerulet",GLS-5072,Vincze Agnes,+36 70 154 3485
Restaurant - Andrassy ut 32,"Andrassy ut 32, Budapest VI. kerulet",Sprinter-5073,Meszaros Zoltan,+36 70 909 4697
Gym - Batthyany ut 111,"Batthyany ut 111, Budapest XVIII. kerulet",FoxPost-5074,Vincze Zoltan,+36 20 724 2625
Clinic - Jozsef korut 21,"Jozsef korut 21, Budapest VIII. kerulet",DPD-5075,Fekete Csaba,+36 20 102 7693
Store - Sanyi utca 30,"Sanyi utca 30, Budapest XVI. kerulet",Express One-5076,Farkas Dora,+36 30 172 4824
Restaurant - Jaszberenyi ut 55,"Jaszberenyi ut 55, Budapest X. kerulet",Sprinter-5077,Molnar Agnes,+36 20 372 3330
Store - Foldes utca 96,"Foldes utca 96, Budapest III. kerulet",MPL-5078,Szabo Olga,+36 70 411 7594
Office - Koebanyi ut 77,"Koebanyi ut 77, Budapest X. kerulet",MPL-5079,Balogh Zoltan,+36 30 126 2496
Apartment - Boraros ter 76,"Boraros ter 76, Budapest IX. kerulet",Express One-5080,Nemeth Tamas,+36 20 881 3870
Gym - Bakancsos utca 24,"Bakancsos utca 24, Budapest XVII. kerulet",Express One-5081,Simon Csaba,+36 30 456 7690
Gym - Alkotas utca 43,"Alkotas utca 43, Budapest XII. kerulet",Express One-5082,Simon Julia,+36 70 510 1601
Gallery - Sanyi utca 99,"Sanyi utca 99, Budapest XVI. kerulet",Sprinter-5083,Nagy Balazs,+36 70 573 7770
Cafe - Mechwart liget 81,"Mechwart liget 81, Budapest II. kerulet",GLS-5084,Kiss Istvan,+36 70 234 5719
Clinic - Sanyi utca 81,"Sanyi utca 81, Budapest XVI. kerulet",Express One-5085,Varga Julia,+36 70 114 7684
Restaurant - Becsi ut 60,"Becsi ut 60, Budapest III. kerulet",Express One-5086,Horvath Peter,+36 70 398 9337
Cafe - Liget ter 32,"Liget ter 32, Budapest X. kerulet",Sprinter-5087,Horvath Maria,+36 20 713 9327
School - Jokai ter 44,"Jokai ter 44, Budapest VI. kerulet",FoxPost-5088,Nagy Julia,+36 70 405 9022
Market - Kiraly utca 71,"Kiraly utca 71, Budapest VI. kerulet",MPL-5089,Olah Nora,+36 30 990 4090
Salon - Vamhaz korut 6,"Vamhaz korut 6, Budapest IX. kerulet",Express One-5090,Simon Dora,+36 30 495 3492
Restaurant - Csiko utca 43,"Csiko utca 43, Budapest XVII. kerulet",MPL-5091,Szabo Rita,+36 30 115 3361
Studio - Szervizut 61,"Szervizut 61, Budapest XV. kerulet",FoxPost-5092,Hegedus Dora,+36 30 765 2315
Hotel - Szilassy ut 41,"Szilassy ut 41, Budapest XII. kerulet",Sprinter-5093,Kovacs Zoltan,+36 20 340 5708
Restaurant - Ulloi ut 98,"Ulloi ut 98, Budapest IX. kerulet",MPL-5094,Varga Dora,+36 30 129 1753
Pharmacy - Tarogato ut 56,"Tarogato ut 56, Budapest XII. kerulet",DPD-5095,Racz Norbert,+36 70 798 3950
Clinic - Dob utca 80,"Dob utca 80, Budapest VII. kerulet",MPL-5096,Vincze Eva,+36 20 572 5161
Store - Edes utca 116,"Edes utca 116, Budapest XVI. kerulet",Express One-5097,Fekete Ferenc,+36 20 552 6661
Store - Turkeve utca 59,"Turkeve utca 59, Budapest XX. kerulet",DPD-5098,Lakatos Krisztina,+36 30 209 4886
Gallery - Varosligeti fas 3,"Varosligeti fasor 3, Budapest XIV. kerulet",FoxPost-5099,Nagy Tamas,+36 70 896 1803
Clinic - Petofi utca 100,"Petofi utca 100, Budapest XXI. kerulet",Sprinter-5100,Papp Hajnalka,+36 70 294 5106
Restaurant - Ujhegyi setany 81,"Ujhegyi setany 81, Budapest XXIII. kerulet",Express One-5101,Kovacs Julia,+36 30 134 6977
Warehouse - Jokai ter 23,"Jokai ter 23, Budapest VI. kerulet",DPD-5102,Fekete Miklos,+36 30 643 9221
Store - Liget ter 104,"Liget ter 104, Budapest X. kerulet",Express One-5103,Balogh Henrietta,+36 20 579 2233
Market - Jokai ter 109,"Jokai ter 109, Budapest VI. kerulet",FoxPost-5104,Toth Henrietta,+36 30 114 5332
Gallery - Vak Bottyan utc 75,"Vak Bottyan utca 75, Budapest XIX. kerulet",Express One-5105,Papp Diana,+36 70 339 8724
Clinic - Hunyadi Janos u 118,"Hunyadi Janos ut 118, Budapest I. kerulet",Express One-5106,Toth Agnes,+36 30 817 5951
Hotel - Nagyteteenyi ut 39,"Nagyteteenyi ut 39, Budapest XXII. kerulet",GLS-5107,Szabo Hajnalka,+36 70 238 7367
Pharmacy - Batsanyi Janos  54,"Batsanyi Janos utca 54, Budapest XVI. kerulet",MPL-5108,Szabo Janos,+36 30 730 7686
Clinic - Liget ter 57,"Liget ter 57, Budapest X. kerulet",FoxPost-5109,Szabo Balazs,+36 30 657 6876
Cafe - Margit korut 109,"Margit korut 109, Budapest II. kerulet",GLS-5110,Kiss Agnes,+36 70 711 1349
Warehouse - Frankel Leo ut 101,"Frankel Leo ut 101, Budapest II. kerulet",GLS-5111,Fekete Gabor,+36 70 321 4817
Studio - Varosmajor utca 1,"Varosmajor utca 1, Budapest XII. kerulet",DPD-5112,Horvath Sandor,+36 30 917 3858
Clinic - Vaci utca 46,"Vaci utca 46, Budapest V. kerulet",Sprinter-5113,Balogh Anna,+36 20 371 1858
Cafe - Andrassy ut 61,"Andrassy ut 61, Budapest VI. kerulet",FoxPost-5114,Racz Tamas,+36 20 562 9254
Cafe - Boraros ter 39,"Boraros ter 39, Budapest IX. kerulet",Express One-5115,Nagy Bela,+36 30 967 7580
Shop - Neptun utca 10,"Neptun utca 10, Budapest XV. kerulet",FoxPost-5116,Hegedus Eva,+36 20 229 5505
School - Petofi utca 49,"Petofi utca 49, Budapest XXI. kerulet",FoxPost-5117,Olah Rita,+36 70 540 2624
Warehouse - Deak Ferenc ter 93,"Deak Ferenc ter 93, Budapest V. kerulet",MPL-5118,Olah Miklos,+36 20 523 6553
Salon - Csomori ut 55,"Csomori ut 55, Budapest XVI. kerulet",Express One-5119,Nemeth Laszlo,+36 20 803 8770
Workshop - Perc utca 13,"Perc utca 13, Budapest III. kerulet",DPD-5120,Fekete Bela,+36 70 675 6400
Office - Balogh Adam utc 112,"Balogh Adam utca 112, Budapest XXIII. kerulet",FoxPost-5121,Hegedus Julia,+36 30 206 9313
Market - Jozsef korut 45,"Jozsef korut 45, Budapest VIII. kerulet",FoxPost-5122,Szabo Gyula,+36 30 687 4705
Market - Kadar utca 79,"Kadar utca 79, Budapest XV. kerulet",GLS-5123,Hegedus Nora,+36 70 949 5381
Salon - Hunyadi Janos u 118,"Hunyadi Janos ut 118, Budapest I. kerulet",FoxPost-5124,Nagy Ferenc,+36 20 679 7566
School - Becsi ut 12,"Becsi ut 12, Budapest III. kerulet",DPD-5125,Lakatos Norbert,+36 30 449 3578
Shop - Robert Karoly k 77,"Robert Karoly korut 77, Budapest XIII. kerulet",GLS-5126,Horvath Ferenc,+36 70 150 2336
Gym - Onodi utca 57,"Onodi utca 57, Budapest X. kerulet",FoxPost-5127,Kiss Gyula,+36 70 216 6655
School - Kadar utca 63,"Kadar utca 63, Budapest XV. kerulet",Express One-5128,Farkas Bela,+36 20 504 1897
Studio - Fo utca 98,"Fo utca 98, Budapest I. kerulet",FoxPost-5129,Balogh Diana,+36 20 609 8055
Market - Kazinczy utca 65,"Kazinczy utca 65, Budapest VII. kerulet",Express One-5130,Papp Csaba,+36 30 982 1693
Gym - Boglarkavirag u 74,"Boglarkavirag utca 74, Budapest XV. kerulet",Sprinter-5131,Lakatos Dora,+36 70 527 5743
Cafe - Kossuth Lajos t 103,"Kossuth Lajos ter 103, Budapest V. kerulet",Express One-5132,Papp Csaba,+36 30 964 2734
Store - Ulloi ut 51,"Ulloi ut 51, Budapest IX. kerulet",Express One-5133,Balogh Hajnalka,+36 30 897 3754
Workshop - Foldes utca 25,"Foldes utca 25, Budapest III. kerulet",FoxPost-5134,Horvath Hajnalka,+36 20 249 5193
Hotel - Jozsef korut 23,"Jozsef korut 23, Budapest VIII. kerulet",MPL-5135,Vincze Gyula,+36 70 559 6295
Store - Leander utca 57,"Leander utca 57, Budapest XXII. kerulet",FoxPost-5136,Vincze Bela,+36 30 619 2215
Store - Budafoki ut 107,"Budafoki ut 107, Budapest XI. kerulet",GLS-5137,Toth Zoltan,+36 70 619 7299
Warehouse - Sanyi utca 58,"Sanyi utca 58, Budapest XVI. kerulet",FoxPost-5138,Hegedus Peter,+36 70 254 2013
Shop - Csomori ut 92,"Csomori ut 92, Budapest XVI. kerulet",Sprinter-5139,Varga Bela,+36 20 824 8172
Store - Csomori ut 48,"Csomori ut 48, Budapest XVI. kerulet",MPL-5140,Meszaros Gyula,+36 30 795 1857
Gallery - Nagyteteenyi ut 72,"Nagyteteenyi ut 72, Budapest XXII. kerulet",FoxPost-5141,Nemeth Edit,+36 70 717 3463
Gallery - Tarogato ut 40,"Tarogato ut 40, Budapest XII. kerulet",DPD-5142,Hegedus Dora,+36 20 417 7171
Gym - Muvesz utca 12,"Muvesz utca 12, Budapest XXII. kerulet",Sprinter-5143,Papp Anna,+36 30 416 3953
Pharmacy - Rakoczi ter 29,"Rakoczi ter 29, Budapest VIII. kerulet",DPD-5144,Toth Julia,+36 20 619 9843
Gallery - Kisfaludy utca 17,"Kisfaludy utca 17, Budapest XVIII. kerulet",DPD-5145,Varga Ferenc,+36 70 889 3712
Store - Batthyany Ilona 57,"Batthyany Ilona utca 57, Budapest XVI. kerulet",Express One-5146,Olah Hajnalka,+36 70 344 6070
Cafe - Csiko utca 57,"Csiko utca 57, Budapest XVII. kerulet",FoxPost-5147,Lakatos Rita,+36 70 528 3655
Hotel - Baross utca 7,"Baross utca 7, Budapest VIII. kerulet",FoxPost-5148,Fekete Nora,+36 20 828 9452
School - Szabad sajto ut 58,"Szabad sajto ut 58, Budapest V. kerulet",DPD-5149,Meszaros Csaba,+36 20 936 8391
Workshop - Kartacs utca 65,"Kartacs utca 65, Budapest XIII. kerulet",DPD-5150,Lakatos Csaba,+36 30 329 1461
Pharmacy - Tarogato ut 102,"Tarogato ut 102, Budapest XII. kerulet",DPD-5151,Kovacs Julia,+36 30 812 3273
Studio - Pecel ut 3,"Pecel ut 3, Budapest XVII. kerulet",DPD-5152,Horvath Sandor,+36 70 723 9647
Office - Boglarkavirag u 16,"Boglarkavirag utca 16, Budapest XV. kerulet",DPD-5153,Meszaros Agnes,+36 70 568 2029
School - Deak Ferenc ter 3,"Deak Ferenc ter 3, Budapest V. kerulet",Sprinter-5154,Molnar Dora,+36 20 398 8032
Shop - Szinhaz utca 24,"Szinhaz utca 24, Budapest I. kerulet",Sprinter-5155,Papp Csaba,+36 70 657 9312
Gallery - Nefelejcs utca 6,"Nefelejcs utca 6, Budapest XVIII. kerulet",FoxPost-5156,Nemeth Edit,+36 20 465 2106
Salon - Vaci ut 99,"Vaci ut 99, Budapest XIII. kerulet",DPD-5157,Kovacs Laszlo,+36 70 446 3868
Pharmacy - Ujhegyi setany 104,"Ujhegyi setany 104, Budapest XXIII. kerulet",GLS-5158,Olah Bela,+36 30 306 1717
Gallery - Baross utca 66,"Baross utca 66, Budapest VIII. kerulet",Sprinter-5159,Simon Istvan,+36 20 871 4131
Restaurant - Budafoki ut 35,"Budafoki ut 35, Budapest XI. kerulet",FoxPost-5160,Meszaros Miklos,+36 30 861 8204
School - Hungaria korut 48,"Hungaria korut 48, Budapest XIV. kerulet",FoxPost-5161,Toth Edit,+36 30 180 8055
Restaurant - Petofi utca 42,"Petofi utca 42, Budapest XXI. kerulet",GLS-5162,Balogh Balazs,+36 30 413 8305
Cafe - Rakoczi ut 45,"Rakoczi ut 45, Budapest XXI. kerulet",GLS-5163,Papp Zoltan,+36 30 381 1939
Residence - Foldes utca 103,"Foldes utca 103, Budapest III. kerulet",GLS-5164,Horvath Krisztina,+36 70 794 8179
Gallery - Lajos utca 47,"Lajos utca 47, Budapest II. kerulet",Sprinter-5165,Kovacs Zoltan,+36 20 795 8371
School - Robert Karoly k 18,"Robert Karoly korut 18, Budapest XIII. kerulet",FoxPost-5166,Lakatos Katalin,+36 70 385 5089
Market - Deak Ferenc ter 50,"Deak Ferenc ter 50, Budapest V. kerulet",GLS-5167,Nemeth Gyula,+36 30 820 8311
Restaurant - Szentkiralyi ut 26,"Szentkiralyi utca 26, Budapest VIII. kerulet",DPD-5168,Toth Olga,+36 20 830 8292
Workshop - Lajos utca 86,"Lajos utca 86, Budapest III. kerulet",Express One-5169,Toth Sandor,+36 70 397 5914
Workshop - Kazinczy utca 102,"Kazinczy utca 102, Budapest VII. kerulet",Sprinter-5170,Molnar Diana,+36 20 911 3275
Workshop - Boraros ter 74,"Boraros ter 74, Budapest IX. kerulet",MPL-5171,Fekete Eva,+36 70 188 2077
Gym - Koerszinhaz utc 68,"Koerszinhaz utca 68, Budapest XI. kerulet",MPL-5172,Vincze Csaba,+36 20 424 2215
Market - Batthyany Ilona 113,"Batthyany Ilona utca 113, Budapest XVI. kerulet",Express One-5173,Vincze Ferenc,+36 20 543 9238
Residence - Lajos utca 22,"Lajos utca 22, Budapest II. kerulet",FoxPost-5174,Molnar Laszlo,+36 70 390 2292
Store - Pataky Istvan t 17,"Pataky Istvan ter 17, Budapest X. kerulet",Sprinter-5175,Fekete Csaba,+36 70 756 3762
Salon - Nagysandor Jozs 93,"Nagysandor Jozsef utca 93, Budapest XX. kerulet",Sprinter-5176,Kovacs Janos,+36 20 183 1744
Gym - Campona utca 99,"Campona utca 99, Budapest XXII. kerulet",Sprinter-5177,Nagy Peter,+36 70 658 5745
Cafe - Leander utca 39,"Leander utca 39, Budapest XXII. kerulet",GLS-5178,Kovacs Ferenc,+36 30 525 8933
Salon - Csomori ut 111,"Csomori ut 111, Budapest XVI. kerulet",Express One-5179,Papp Maria,+36 20 878 7070
Studio - Nefelejcs utca 16,"Nefelejcs utca 16, Budapest XVIII. kerulet",MPL-5180,Molnar Eva,+36 20 151 5754
Salon - Stefania ut 105,"Stefania ut 105, Budapest XIV. kerulet",Sprinter-5181,Balogh Gabor,+36 20 610 9433
Gallery - Sanyi utca 12,"Sanyi utca 12, Budapest XVI. kerulet",Sprinter-5182,Olah Hajnalka,+36 20 697 6781
Market - Mechwart liget 37,"Mechwart liget 37, Budapest II. kerulet",GLS-5183,Szabo Norbert,+36 20 370 6992
Warehouse - Erzsebet kiraly 72,"Erzsebet kiralyne utja 72, Budapest XIV. kerulet",FoxPost-5184,Fekete Julia,+36 20 495 9261
Restaurant - Batsanyi Janos  88,"Batsanyi Janos utca 88, Budapest XVI. kerulet",DPD-5185,Szabo Maria,+36 30 913 6555
School - Kispest Lajos u 78,"Kispest Lajos utca 78, Budapest XIX. kerulet",MPL-5186,Racz Bela,+36 20 139 3245
School - Alkotas utca 78,"Alkotas utca 78, Budapest XII. kerulet",DPD-5187,Balogh Nora,+36 70 426 3662
Salon - Varosligeti fas 76,"Varosligeti fasor 76, Budapest XIV. kerulet",Sprinter-5188,Racz Sandor,+36 30 825 5911
Store - Pecel ut 54,"Pecel ut 54, Budapest XVII. kerulet",Express One-5189,Nagy Zoltan,+36 30 371 4728
Gallery - Szell Kalman te 100,"Szell Kalman ter 100, Budapest II. kerulet",DPD-5190,Molnar Bela,+36 70 817 2800
Warehouse - Rakoczi ter 53,"Rakoczi ter 53, Budapest VIII. kerulet",MPL-5191,Racz Gyula,+36 70 582 2020
Gallery - Jokai ter 68,"Jokai ter 68, Budapest VI. kerulet",FoxPost-5192,Varga Olga,+36 70 450 9950
Hotel - Pozsonyi ut 79,"Pozsonyi ut 79, Budapest XIII. kerulet",DPD-5193,Molnar Istvan,+36 70 405 4684
Hotel - Koerszinhaz utc 41,"Koerszinhaz utca 41, Budapest XI. kerulet",FoxPost-5194,Fekete Nora,+36 70 380 5715
Workshop - Petoefi ter 105,"Petoefi ter 105, Budapest V. kerulet",DPD-5195,Farkas Bela,+36 30 831 2294
Warehouse - Kartacs utca 28,"Kartacs utca 28, Budapest XIII. kerulet",Sprinter-5196,Nemeth Nora,+36 70 812 5450
Office - Terez korut 32,"Terez korut 32, Budapest VI. kerulet",Express One-5197,Racz Hajnalka,+36 70 338 1860
Pharmacy - Vaci utca 88,"Vaci utca 88, Budapest V. kerulet",GLS-5198,Fekete Nora,+36 20 516 8793
Store - Bakancsos utca 42,"Bakancsos utca 42, Budapest XVII. kerulet",Express One-5199,Kovacs Nora,+36 20 767 4804
Residence - Ady Endre ut 117,"Ady Endre ut 117, Budapest XIX. kerulet",MPL-5200,Varga Nora,+36 20 956 7504
Office - Bakancsos utca 113,"Bakancsos utca 113, Budapest XVII. kerulet",GLS-5201,Farkas Tamas,+36 70 209 6489
Pharmacy - Allomaskerti ut 64,"Allomaskerti ut 64, Budapest XI. kerulet",Sprinter-5202,Olah Istvan,+36 20 928 2845
Residence - Tarogato ut 92,"Tarogato ut 92, Budapest XII. kerulet",GLS-5203,Balogh Henrietta,+36 30 681 4164
Gym - Dob utca 106,"Dob utca 106, Budapest VII. kerulet",Sprinter-5204,Balogh Csaba,+36 30 785 2562
Studio - Kazinczy utca 1,"Kazinczy utca 1, Budapest VII. kerulet",MPL-5205,Molnar Olga,+36 30 437 5947
Clinic - Turkeve utca 89,"Turkeve utca 89, Budapest XX. kerulet",GLS-5206,Szabo Olga,+36 30 263 7642
Restaurant - Petofi Sandor u 89,"Petofi Sandor utca 89, Budapest XXIII. kerulet",Express One-5207,Farkas Laszlo,+36 70 326 4590
Gym - Dessewffy utca 48,"Dessewffy utca 48, Budapest VI. kerulet",Express One-5208,Fekete Nora,+36 30 875 9806
Shop - Szentloerinci u 112,"Szentloerinci ut 112, Budapest XXIII. kerulet",Sprinter-5209,Olah Rita,+36 70 470 2279
Market - Nagysandor Jozs 26,"Nagysandor Jozsef utca 26, Budapest XX. kerulet",DPD-5210,Varga Katalin,+36 70 552 2904
School - Grassalkovich u 116,"Grassalkovich ut 116, Budapest XXIII. kerulet",MPL-5211,Kovacs Olga,+36 20 625 7806
Apartment - Csomori ut 93,"Csomori ut 93, Budapest XVI. kerulet",MPL-5212,Nemeth Janos,+36 20 863 4570
Office - Kossuth Lajos u 70,"Kossuth Lajos utca 70, Budapest XX. kerulet",GLS-5213,Simon Bela,+36 30 518 3948
Gallery - Jokai ter 48,"Jokai ter 48, Budapest VI. kerulet",MPL-5214,Lakatos Maria,+36 20 799 9835
Gallery - Terez korut 69,"Terez korut 69, Budapest VI. kerulet",Sprinter-5215,Horvath Edit,+36 20 954 1056
Market - Uri utca 55,"Uri utca 55, Budapest I. kerulet",MPL-5216,Molnar Hajnalka,+36 30 454 3541
Gym - Koebanyi ut 5,"Koebanyi ut 5, Budapest X. kerulet",Sprinter-5217,Nagy Hajnalka,+36 20 168 2653
Office - Csepel ut 32,"Csepel ut 32, Budapest XXI. kerulet",MPL-5218,Olah Hajnalka,+36 70 322 1924
Salon - Dessewffy utca 41,"Dessewffy utca 41, Budapest VI. kerulet",DPD-5219,Farkas Miklos,+36 20 776 9540
Residence - Boraros ter 76,"Boraros ter 76, Budapest IX. kerulet",Express One-5220,Meszaros Sandor,+36 30 148 6642
Gym - Bartok Bela ut 90,"Bartok Bela ut 90, Budapest XXII. kerulet",MPL-5221,Horvath Julia,+36 30 288 9813
Cafe - Ferihegyi ut 104,"Ferihegyi ut 104, Budapest XVII. kerulet",GLS-5222,Fekete Norbert,+36 30 670 9683
Shop - Kiraly utca 83,"Kiraly utca 83, Budapest VI. kerulet",MPL-5223,Papp Csaba,+36 70 841 4120
Shop - Szell Kalman te 6,"Szell Kalman ter 6, Budapest II. kerulet",DPD-5224,Vincze Edit,+36 70 672 4555
Apartment - Bakancsos utca 117,"Bakancsos utca 117, Budapest XVII. kerulet",DPD-5225,Kiss Edit,+36 20 864 8846
Clinic - Vamhaz korut 118,"Vamhaz korut 118, Budapest IX. kerulet",Sprinter-5226,Balogh Gyula,+36 30 489 8639
Hotel - Vak Bottyan utc 66,"Vak Bottyan utca 66, Budapest XIX. kerulet",MPL-5227,Szabo Henrietta,+36 70 580 6246
Clinic - Ulloi ut 111,"Ulloi ut 111, Budapest VIII. kerulet",Express One-5228,Horvath Anna,+36 30 666 7841
Clinic - Koerszinhaz utc 73,"Koerszinhaz utca 73, Budapest XI. kerulet",MPL-5229,Fekete Agnes,+36 70 445 5216
Residence - Egres ut 59,"Egres ut 59, Budapest XVII. kerulet",Express One-5230,Papp Ferenc,+36 20 837 9954
Office - Pecel ut 68,"Pecel ut 68, Budapest XVII. kerulet",GLS-5231,Kovacs Gyula,+36 20 522 3252
School - Nagyteteenyi ut 28,"Nagyteteenyi ut 28, Budapest XXII. kerulet",MPL-5232,Papp Bela,+36 70 753 8916
Apartment - Szentloerinci u 53,"Szentloerinci ut 53, Budapest XXIII. kerulet",GLS-5233,Racz Edit,+36 30 648 5697
Residence - Szinhaz utca 104,"Szinhaz utca 104, Budapest I. kerulet",GLS-5234,Szabo Rita,+36 20 346 4144
Gallery - Petofi utca 102,"Petofi utca 102, Budapest XXI. kerulet",GLS-5235,Papp Maria,+36 30 678 4984
Office - Ulloi ut 84,"Ulloi ut 84, Budapest IX. kerulet",GLS-5236,Lakatos Maria,+36 30 665 8798
Gym - Margit korut 64,"Margit korut 64, Budapest II. kerulet",Express One-5237,Balogh Tamas,+36 20 640 1697
Studio - Boraros ter 61,"Boraros ter 61, Budapest IX. kerulet",GLS-5238,Toth Balazs,+36 30 656 1539
Pharmacy - Kazinczy utca 76,"Kazinczy utca 76, Budapest VII. kerulet",Express One-5239,Lakatos Nora,+36 20 406 3661
Market - Helsinki ut 87,"Helsinki ut 87, Budapest XX. kerulet",FoxPost-5240,Lakatos Gyula,+36 70 243 2284
Clinic - Ulloi ut 56,"Ulloi ut 56, Budapest XVIII. kerulet",GLS-5241,Balogh Zoltan,+36 70 709 7499
Clinic - Szilassy ut 63,"Szilassy ut 63, Budapest XII. kerulet",FoxPost-5242,Fekete Maria,+36 30 290 7227
Shop - Szentendrei ut 92,"Szentendrei ut 92, Budapest III. kerulet",GLS-5243,Nemeth Eva,+36 30 828 3527
Cafe - Thokoly ut 40,"Thokoly ut 40, Budapest XIV. kerulet",FoxPost-5244,Nemeth Diana,+36 20 189 4070
Apartment - Neptun utca 14,"Neptun utca 14, Budapest XV. kerulet",GLS-5245,Papp Sandor,+36 20 711 6315
Market - Thokoly ut 93,"Thokoly ut 93, Budapest XIV. kerulet",DPD-5246,Vincze Rita,+36 20 801 7237
Shop - Dob utca 19,"Dob utca 19, Budapest VII. kerulet",DPD-5247,Meszaros Istvan,+36 30 406 8933
Warehouse - Perc utca 77,"Perc utca 77, Budapest III. kerulet",MPL-5248,Szabo Eva,+36 30 106 7483
Salon - Tarogato ut 57,"Tarogato ut 57, Budapest XII. kerulet",MPL-5249,Hegedus Eva,+36 30 428 4290
Hotel - Bakancsos utca 38,"Bakancsos utca 38, Budapest XVII. kerulet",Sprinter-5250,Molnar Katalin,+36 30 387 7437
Residence - Robert Karoly k 70,"Robert Karoly korut 70, Budapest XIII. kerulet",Express One-5251,Fekete Anna,+36 70 572 4434
Gym - Sanyi utca 105,"Sanyi utca 105, Budapest XVI. kerulet",Express One-5252,Simon Eva,+36 70 410 4965
Cafe - Liget ter 10,"Liget ter 10, Budapest X. kerulet",Sprinter-5253,Simon Tamas,+36 30 647 9300
Market - Boglarkavirag u 90,"Boglarkavirag utca 90, Budapest XV. kerulet",Sprinter-5254,Toth Diana,+36 20 773 6816
Salon - Dob utca 97,"Dob utca 97, Budapest VII. kerulet",MPL-5255,Szabo Anna,+36 20 364 4637
Cafe - Kisfaludy utca 29,"Kisfaludy utca 29, Budapest XVIII. kerulet",FoxPost-5256,Lakatos Olga,+36 70 702 9199
Gym - Andrassy ut 38,"Andrassy ut 38, Budapest VI. kerulet",GLS-5257,Szabo Janos,+36 70 245 6707
Workshop - Allomaskerti ut 62,"Allomaskerti ut 62, Budapest XI. kerulet",MPL-5258,Szabo Olga,+36 70 813 8412
Salon - Bolyai utca 3,"Bolyai utca 3, Budapest XII. kerulet",Express One-5259,Szabo Balazs,+36 20 858 4996
Cafe - Kisfaludy utca 55,"Kisfaludy utca 55, Budapest XVIII. kerulet",DPD-5260,Lakatos Agnes,+36 20 290 8080
Gym - Stefania ut 58,"Stefania ut 58, Budapest XIV. kerulet",MPL-5261,Nagy Dora,+36 20 310 5560
Workshop - Foldes utca 24,"Foldes utca 24, Budapest III. kerulet",FoxPost-5262,Kiss Olga,+36 20 368 9019
Gallery - Nefelejcs utca 79,"Nefelejcs utca 79, Budapest XVIII. kerulet",Sprinter-5263,Szabo Laszlo,+36 30 965 8501
Shop - Petofi utca 118,"Petofi utca 118, Budapest XXI. kerulet",Express One-5264,Horvath Katalin,+36 20 344 6003
Gym - Deak Ferenc ter 50,"Deak Ferenc ter 50, Budapest V. kerulet",Sprinter-5265,Horvath Tamas,+36 30 533 4043
Residence - Ferihegyi ut 72,"Ferihegyi ut 72, Budapest XVII. kerulet",MPL-5266,Farkas Eva,+36 20 422 8389
Pharmacy - Csepel ut 63,"Csepel ut 63, Budapest XXI. kerulet",DPD-5267,Lakatos Sandor,+36 70 768 9109
Residence - Neptun utca 63,"Neptun utca 63, Budapest XV. kerulet",GLS-5268,Vincze Anna,+36 20 399 1535
Hotel - Liget ter 73,"Liget ter 73, Budapest X. kerulet",Sprinter-5269,Racz Diana,+36 70 216 5389
Cafe - Ady Endre ut 98,"Ady Endre ut 98, Budapest XIX. kerulet",Sprinter-5270,Kiss Norbert,+36 20 853 5055
Shop - Budafoki ut 45,"Budafoki ut 45, Budapest XI. kerulet",MPL-5271,Szabo Gyula,+36 20 314 6744
Warehouse - Ady Endre ut 101,"Ady Endre ut 101, Budapest XXI. kerulet",DPD-5272,Kovacs Tamas,+36 30 645 5605
Studio - Petofi utca 38,"Petofi utca 38, Budapest XXI. kerulet",Sprinter-5273,Szabo Eva,+36 30 160 5543
Salon - Campona utca 19,"Campona utca 19, Budapest XXII. kerulet",DPD-5274,Lakatos Peter,+36 20 691 5402
School - Nagyteteenyi ut 52,"Nagyteteenyi ut 52, Budapest XXII. kerulet",Express One-5275,Nemeth Dora,+36 30 565 8996
Cafe - Bolyai utca 94,"Bolyai utca 94, Budapest XII. kerulet",Express One-5276,Papp Krisztina,+36 20 914 9756
Studio - Stefania ut 64,"Stefania ut 64, Budapest XIV. kerulet",FoxPost-5277,Farkas Katalin,+36 70 691 3139
Restaurant - Kossuth Lajos u 6,"Kossuth Lajos utca 6, Budapest XX. kerulet",Express One-5278,Olah Anna,+36 20 978 3588
Pharmacy - Edes utca 26,"Edes utca 26, Budapest XVI. kerulet",Express One-5279,Farkas Ferenc,+36 30 195 6905
Gallery - Jaszberenyi ut 7,"Jaszberenyi ut 7, Budapest X. kerulet",Express One-5280,Farkas Edit,+36 70 873 4836
Hotel - Szervizut 28,"Szervizut 28, Budapest XV. kerulet",GLS-5281,Horvath Tamas,+36 20 631 8291
Gym - Attila ut 111,"Attila ut 111, Budapest I. kerulet",Express One-5282,Horvath Peter,+36 20 334 7276
Store - Lajos utca 48,"Lajos utca 48, Budapest III. kerulet",DPD-5283,Lakatos Gyula,+36 20 756 3340
Workshop - Szentendrei ut 57,"Szentendrei ut 57, Budapest III. kerulet",Express One-5284,Kiss Agnes,+36 70 255 7745
Restaurant - Csepel ut 115,"Csepel ut 115, Budapest XXI. kerulet",DPD-5285,Szabo Tamas,+36 70 493 6759
Shop - Boglarkavirag u 83,"Boglarkavirag utca 83, Budapest XV. kerulet",DPD-5286,Fekete Zoltan,+36 70 838 5668
School - Hunyadi Janos u 27,"Hunyadi Janos ut 27, Budapest I. kerulet",Sprinter-5287,Racz Gabor,+36 70 501 5842
Gallery - Campona utca 64,"Campona utca 64, Budapest XXII. kerulet",GLS-5288,Molnar Peter,+36 70 708 2163
Salon - Batthyany ut 120,"Batthyany ut 120, Budapest XVIII. kerulet",DPD-5289,Lakatos Krisztina,+36 70 530 6986
Shop - Ady Endre ut 3,"Ady Endre ut 3, Budapest XIX. kerulet",GLS-5290,Nemeth Gabor,+36 20 161 7520
Gallery - Nefelejcs utca 55,"Nefelejcs utca 55, Budapest XVIII. kerulet",GLS-5291,Fekete Sandor,+36 70 256 5546
Pharmacy - Szentendrei ut 104,"Szentendrei ut 104, Budapest III. kerulet",Sprinter-5292,Balogh Maria,+36 70 749 2083
Clinic - Moricz Zsigmond 8,"Moricz Zsigmond korter 8, Budapest XI. kerulet",GLS-5293,Meszaros Diana,+36 30 726 1901
Apartment - Moricz Zsigmond 16,"Moricz Zsigmond korter 16, Budapest XI. kerulet",Express One-5294,Horvath Dora,+36 20 267 9133
Workshop - Pozsonyi ut 22,"Pozsonyi ut 22, Budapest XIII. kerulet",DPD-5295,Nemeth Edit,+36 20 889 1480
Shop - Bolyai utca 34,"Bolyai utca 34, Budapest XII. kerulet",MPL-5296,Olah Rita,+36 30 156 9185
Restaurant - Kossuth Lajos u 115,"Kossuth Lajos utca 115, Budapest XX. kerulet",DPD-5297,Racz Anna,+36 20 979 1201
Office - Ferenc korut 23,"Ferenc korut 23, Budapest IX. kerulet",Sprinter-5298,Meszaros Hajnalka,+36 30 354 7819
School - Tarogato ut 16,"Tarogato ut 16, Budapest XII. kerulet",Express One-5299,Kovacs Ferenc,+36 20 923 9450
Store - Mechwart liget 111,"Mechwart liget 111, Budapest II. kerulet",FoxPost-5300,Balogh Csaba,+36 70 567 1130
